season,gender,age,date,event,match_id,home_id,away_id,home_conf,away_conf,home_score,away_score
2026-27,boys,U13,2026-08-21,4414,1122364,135307,131025,New England,North Atlantic,0,1
2026-27,boys,U13,2026-08-21,4414,1122389,115176,135474,New England,North Atlantic,3,3
2026-27,boys,U13,2026-08-21,4414,1122390,112981,111883,North Atlantic,Ohio Valley,1,1
2026-27,boys,U14,2026-08-21,4414,1122424,134942,79650,North Atlantic,Ohio Valley,3,4
2026-27,boys,U14,2026-08-21,4414,1122426,135306,112987,New England,North Atlantic,0,1
2026-27,boys,U14,2026-08-21,4414,1122447,135479,133677,North Atlantic,Southwest,1,2
2026-27,boys,U14,2026-08-21,4414,1122450,96817,94432,New England,North Atlantic,1,6
2026-27,boys,U13,2026-08-22,4414,1122371,88601,135307,North Atlantic,New England,5,1
2026-27,boys,U13,2026-08-22,4414,1122392,135474,111883,North Atlantic,Ohio Valley,2,0
2026-27,boys,U13,2026-08-22,4414,1122396,115176,112981,New England,North Atlantic,2,1
2026-27,boys,U14,2026-08-22,4414,1122427,112320,79650,North Atlantic,Ohio Valley,3,1
2026-27,boys,U14,2026-08-22,4414,1122428,134844,112987,New England,North Atlantic,2,2
2026-27,boys,U14,2026-08-22,4414,1122451,133677,133137,Southwest,North Atlantic,3,2
2026-27,boys,U14,2026-08-22,4414,1122452,97125,94432,New England,North Atlantic,2,0
2026-27,boys,U13,2026-08-23,4414,1122370,131025,116991,North Atlantic,New England,0,3
2026-27,boys,U13,2026-08-23,4414,1122397,134992,115176,North Atlantic,New England,1,0
2026-27,boys,U14,2026-08-23,4414,1122429,112320,134844,North Atlantic,New England,2,0
2026-27,boys,U14,2026-08-23,4414,1122430,79650,112987,Ohio Valley,North Atlantic,1,0
2026-27,boys,U14,2026-08-23,4414,1122434,134942,135306,North Atlantic,New England,4,0
2026-27,boys,U14,2026-08-23,4414,1122453,133677,97125,Southwest,New England,1,0
2026-27,boys,U14,2026-08-23,4414,1122457,135479,115173,North Atlantic,New England,2,5
2026-27,boys,U14,2026-09-11,4417,1139011,98194,112022,Midwest,Mountain,1,1
2026-27,boys,U14,2026-09-11,4417,1139012,132388,115101,Heartland,Ohio Valley,0,6
2026-27,boys,U14,2026-09-11,4417,1139013,136407,133190,Heartland,Mid-America,4,0
2026-27,boys,U14,2026-09-11,4417,1139014,136277,112785,Midwest,Heartland,2,0
2026-27,boys,U14,2026-09-11,4417,1139035,131214,131892,Heartland,Mountain,2,0
2026-27,boys,U14,2026-09-11,4417,1139036,136053,133352,Midwest,Ohio Valley,2,1
2026-27,boys,U14,2026-09-11,4417,1139037,114374,134418,Heartland,Midwest,2,0
2026-27,boys,U14,2026-09-11,4417,1139038,134704,134897,Heartland,Mountain,2,5
2026-27,boys,U14,2026-09-11,4417,1139059,128620,98221,Midwest,Heartland,6,1
2026-27,boys,U14,2026-09-11,4417,1139060,136336,68814,Heartland,Ohio Valley,3,2
2026-27,boys,U14,2026-09-11,4417,1139061,133047,134197,Mountain,Midwest,3,2
2026-27,boys,U14,2026-09-11,4417,1139062,96283,136139,Far West,Heartland,7,2
2026-27,boys,U13,2026-09-11,4417,1139355,136410,131890,Heartland,Mountain,1,1
2026-27,boys,U13,2026-09-11,4417,1139356,117735,134416,Heartland,Midwest,7,0
2026-27,boys,U13,2026-09-11,4417,1139357,136276,131213,Midwest,Heartland,3,0
2026-27,boys,U13,2026-09-11,4417,1139358,115316,133189,Ohio Valley,Mid-America,2,0
2026-27,boys,U13,2026-09-11,4417,1139379,131944,134896,Heartland,Mountain,1,2
2026-27,boys,U13,2026-09-11,4417,1139380,130839,131674,Far West,Heartland,0,3
2026-27,boys,U13,2026-09-11,4417,1139381,136052,116871,Midwest,Heartland,1,0
2026-27,boys,U13,2026-09-11,4417,1139382,133351,128622,Ohio Valley,Midwest,2,1
2026-27,boys,U13,2026-09-11,4417,1139403,133046,69935,Mountain,Ohio Valley,3,0
2026-27,boys,U13,2026-09-11,4417,1139404,136140,134135,Heartland,Midwest,1,6
2026-27,boys,U13,2026-09-11,4417,1139405,136332,120684,Heartland,Midwest,0,2
2026-27,boys,U13,2026-09-11,4417,1139406,135437,132386,Ohio Valley,Heartland,0,3
2026-27,boys,U13,2026-09-11,4417,1139428,133992,132173,Heartland,Mountain,0,3
2026-27,boys,U13,2026-09-11,4416,1140606,98067,131386,Southeast,Mid-Atlantic,0,0
2026-27,boys,U13,2026-09-11,4416,1140608,132266,119998,Mid-America,Southeast,0,1
2026-27,boys,U13,2026-09-11,4416,1140609,132527,133410,Mid-Atlantic,Southeast,0,3
2026-27,boys,U13,2026-09-11,4416,1140618,133404,113644,Southeast,Florida,3,1
2026-27,boys,U13,2026-09-11,4416,1140619,91703,98666,North Atlantic,Florida,4,1
2026-27,boys,U13,2026-09-11,4416,1140620,94546,133136,New England,North Atlantic,0,4
2026-27,boys,U13,2026-09-11,4416,1140621,131805,134786,Southeast,Mid-America,0,2
2026-27,boys,U13,2026-09-11,4416,1140630,132369,82460,Texas,Ohio Valley,2,0
2026-27,boys,U13,2026-09-11,4416,1140631,134174,133325,Southeast,Florida,2,0
2026-27,boys,U13,2026-09-11,4416,1140632,111245,119581,Texas,Southeast,1,6
2026-27,boys,U13,2026-09-11,4416,1140633,135571,131244,Mid-America,Texas,0,1
2026-27,boys,U14,2026-09-11,4416,1140642,91715,134169,North Atlantic,Southeast,1,1
2026-27,boys,U14,2026-09-11,4416,1140643,134785,94388,Mid-America,Florida,2,1
2026-27,boys,U14,2026-09-11,4416,1140644,131804,131387,Southeast,Mid-Atlantic,2,1
2026-27,boys,U14,2026-09-11,4416,1140645,39797,112293,Florida,Southeast,1,2
2026-27,boys,U14,2026-09-11,4416,1140654,133137,112294,North Atlantic,Southeast,5,0
2026-27,boys,U14,2026-09-11,4416,1140655,98515,87404,Mid-America,Southeast,1,5
2026-27,boys,U14,2026-09-11,4416,1140656,94543,131973,New England,Mid-America,2,1
2026-27,boys,U14,2026-09-11,4416,1140657,111255,132267,Texas,Mid-America,4,0
2026-27,boys,U14,2026-09-11,4416,1140666,116940,95141,Southeast,Texas,0,3
2026-27,boys,U14,2026-09-11,4416,1140667,135572,131245,Mid-America,Texas,3,5
2026-27,boys,U14,2026-09-11,4416,1140668,133324,83743,Florida,Mid-Atlantic,5,6
2026-27,boys,U14,2026-09-11,4416,1140669,98539,69758,Southeast,Ohio Valley,7,1
2026-27,boys,U14,2026-09-12,4417,1139015,98194,115101,Midwest,Ohio Valley,0,3
2026-27,boys,U14,2026-09-12,4417,1139016,136407,136277,Heartland,Midwest,3,1
2026-27,boys,U14,2026-09-12,4417,1139019,112022,132388,Mountain,Heartland,2,3
2026-27,boys,U14,2026-09-12,4417,1139020,133190,112785,Mid-America,Heartland,2,5
2026-27,boys,U14,2026-09-12,4417,1139039,131214,136053,Heartland,Midwest,2,1
2026-27,boys,U14,2026-09-12,4417,1139040,114374,134897,Heartland,Mountain,2,3
2026-27,boys,U14,2026-09-12,4417,1139043,131892,133352,Mountain,Ohio Valley,1,4
2026-27,boys,U14,2026-09-12,4417,1139044,134418,134704,Midwest,Heartland,1,1
2026-27,boys,U14,2026-09-12,4417,1139063,128620,136336,Midwest,Heartland,2,4
2026-27,boys,U14,2026-09-12,4417,1139064,133047,96283,Mountain,Far West,2,4
2026-27,boys,U14,2026-09-12,4417,1139067,98221,68814,Heartland,Ohio Valley,3,1
2026-27,boys,U14,2026-09-12,4417,1139068,134197,136139,Midwest,Heartland,3,1
2026-27,boys,U14,2026-09-12,4417,1139092,116233,134342,Heartland,Midwest,0,5
2026-27,boys,U13,2026-09-12,4417,1139360,136276,115316,Midwest,Ohio Valley,0,0
2026-27,boys,U13,2026-09-12,4417,1139363,131890,134416,Mountain,Midwest,3,1
2026-27,boys,U13,2026-09-12,4417,1139364,131213,133189,Heartland,Mid-America,2,4
2026-27,boys,U13,2026-09-12,4417,1139383,134896,131674,Mountain,Heartland,1,3
2026-27,boys,U13,2026-09-12,4417,1139384,136052,133351,Midwest,Ohio Valley,0,2
2026-27,boys,U13,2026-09-12,4417,1139387,131944,130839,Heartland,Far West,7,8
2026-27,boys,U13,2026-09-12,4417,1139388,116871,128622,Heartland,Midwest,3,4
2026-27,boys,U13,2026-09-12,4417,1139407,133046,134135,Mountain,Midwest,1,1
2026-27,boys,U13,2026-09-12,4417,1139408,120684,132386,Midwest,Heartland,1,3
2026-27,boys,U13,2026-09-12,4417,1139411,69935,136140,Ohio Valley,Heartland,0,1
2026-27,boys,U13,2026-09-12,4417,1139412,136332,135437,Heartland,Ohio Valley,2,2
2026-27,boys,U13,2026-09-12,4417,1139435,80548,133992,Midwest,Heartland,0,2
2026-27,boys,U13,2026-09-12,4417,1139436,134703,134341,Heartland,Midwest,2,3
2026-27,boys,U13,2026-09-12,4416,1140610,131386,131461,Mid-Atlantic,Mid-America,0,0
2026-27,boys,U13,2026-09-12,4416,1140614,98067,131974,Southeast,Mid-America,0,0
2026-27,boys,U13,2026-09-12,4416,1140615,132266,132527,Mid-America,Mid-Atlantic,0,0
2026-27,boys,U13,2026-09-12,4416,1140622,133404,91703,Southeast,North Atlantic,0,0
2026-27,boys,U13,2026-09-12,4416,1140623,133136,134786,North Atlantic,Mid-America,0,0
2026-27,boys,U13,2026-09-12,4416,1140627,94546,131805,New England,Southeast,0,0
2026-27,boys,U13,2026-09-12,4416,1140634,132369,134174,Texas,Southeast,0,0
2026-27,boys,U13,2026-09-12,4416,1140635,119581,131244,Southeast,Texas,0,0
2026-27,boys,U13,2026-09-12,4416,1140638,82460,133325,Ohio Valley,Florida,0,0
2026-27,boys,U13,2026-09-12,4416,1140639,111245,135571,Texas,Mid-America,0,1
2026-27,boys,U14,2026-09-12,4416,1140646,134169,134785,Southeast,Mid-America,0,0
2026-27,boys,U14,2026-09-12,4416,1140650,91715,94388,North Atlantic,Florida,3,2
2026-27,boys,U14,2026-09-12,4416,1140651,131387,39797,Mid-Atlantic,Florida,1,2
2026-27,boys,U14,2026-09-12,4416,1140658,133137,87404,North Atlantic,Southeast,0,0
2026-27,boys,U14,2026-09-12,4416,1140659,94543,111255,New England,Texas,0,0
2026-27,boys,U14,2026-09-12,4416,1140662,112294,98515,Southeast,Mid-America,0,0
2026-27,boys,U14,2026-09-12,4416,1140671,83743,98539,Mid-Atlantic,Southeast,0,0
2026-27,boys,U14,2026-09-12,4416,1140674,116940,135572,Southeast,Mid-America,0,0
2026-27,boys,U14,2026-09-12,4416,1140675,133324,69758,Florida,Ohio Valley,1,1
2026-27,boys,U14,2026-09-13,4417,1139017,115101,136407,Ohio Valley,Heartland,4,0
2026-27,boys,U14,2026-09-13,4417,1139022,112022,133190,Mountain,Mid-America,2,0
2026-27,boys,U14,2026-09-13,4417,1139041,131214,134897,Heartland,Mountain,0,0
2026-27,boys,U14,2026-09-13,4417,1139042,136053,114374,Midwest,Heartland,1,1
2026-27,boys,U14,2026-09-13,4417,1139045,133352,134704,Ohio Valley,Heartland,2,0
2026-27,boys,U14,2026-09-13,4417,1139046,131892,134418,Mountain,Midwest,0,1
2026-27,boys,U14,2026-09-13,4417,1139065,136336,96283,Heartland,Far West,2,1
2026-27,boys,U14,2026-09-13,4417,1139066,128620,133047,Midwest,Mountain,3,0
2026-27,boys,U14,2026-09-13,4417,1139069,98221,134197,Heartland,Midwest,2,1
2026-27,boys,U14,2026-09-13,4417,1139070,68814,136139,Ohio Valley,Heartland,1,5
2026-27,boys,U13,2026-09-13,4417,1139361,117735,136276,Heartland,Midwest,3,3
2026-27,boys,U13,2026-09-13,4417,1139362,136410,115316,Heartland,Ohio Valley,2,0
2026-27,boys,U13,2026-09-13,4417,1139365,131890,133189,Mountain,Mid-America,1,1
2026-27,boys,U13,2026-09-13,4417,1139366,134416,131213,Midwest,Heartland,1,4
2026-27,boys,U13,2026-09-13,4417,1139385,131674,133351,Heartland,Ohio Valley,2,2
2026-27,boys,U13,2026-09-13,4417,1139386,134896,136052,Mountain,Midwest,0,1
2026-27,boys,U13,2026-09-13,4417,1139389,130839,128622,Far West,Midwest,2,0
2026-27,boys,U13,2026-09-13,4417,1139409,133046,132386,Mountain,Heartland,0,2
2026-27,boys,U13,2026-09-13,4417,1139413,136140,135437,Heartland,Ohio Valley,2,5
2026-27,boys,U13,2026-09-13,4417,1139414,69935,136332,Ohio Valley,Heartland,2,4
2026-27,boys,U13,2026-09-13,4417,1139437,133992,134341,Heartland,Midwest,0,2
2026-27,boys,U13,2026-09-13,4417,1139438,80548,134703,Midwest,Heartland,0,8
2026-27,boys,U13,2026-09-13,4416,1140612,131461,119998,Mid-America,Southeast,0,4
2026-27,boys,U13,2026-09-13,4416,1140613,131386,133410,Mid-Atlantic,Southeast,1,1
2026-27,boys,U13,2026-09-13,4416,1140616,98067,132266,Southeast,Mid-America,5,0
2026-27,boys,U13,2026-09-13,4416,1140617,131974,132527,Mid-America,Mid-Atlantic,2,2
2026-27,boys,U13,2026-09-13,4416,1140624,133404,133136,Southeast,North Atlantic,4,0
2026-27,boys,U13,2026-09-13,4416,1140625,91703,134786,North Atlantic,Mid-America,3,0
2026-27,boys,U13,2026-09-13,4416,1140628,113644,131805,Florida,Southeast,3,2
2026-27,boys,U13,2026-09-13,4416,1140629,98666,94546,Florida,New England,6,2
2026-27,boys,U13,2026-09-13,4416,1140636,132369,119581,Texas,Southeast,1,2
2026-27,boys,U13,2026-09-13,4416,1140637,134174,131244,Southeast,Texas,5,0
2026-27,boys,U13,2026-09-13,4416,1140640,82460,135571,Ohio Valley,Mid-America,2,0
2026-27,boys,U13,2026-09-13,4416,1140641,133325,111245,Florida,Texas,0,7
2026-27,boys,U14,2026-09-13,4416,1140649,134785,112293,Mid-America,Southeast,1,0
2026-27,boys,U14,2026-09-13,4416,1140652,91715,39797,North Atlantic,Florida,4,3
2026-27,boys,U14,2026-09-13,4416,1140653,94388,131387,Florida,Mid-Atlantic,2,0
2026-27,boys,U14,2026-09-13,4416,1140660,133137,111255,North Atlantic,Texas,6,0
2026-27,boys,U14,2026-09-13,4416,1140661,87404,94543,Southeast,New England,3,2
2026-27,boys,U14,2026-09-13,4416,1140665,112294,131973,Southeast,Mid-America,2,3
2026-27,boys,U14,2026-09-13,4416,1140672,131245,83743,Texas,Mid-Atlantic,1,5
2026-27,boys,U14,2026-09-13,4416,1140673,95141,98539,Texas,Southeast,4,3
2026-27,boys,U14,2026-09-13,4416,1140676,116940,69758,Southeast,Ohio Valley,3,1
2026-27,boys,U14,2026-09-13,4416,1140677,135572,133324,Mid-America,Florida,3,1
2026-27,girls,U13,2026-08-21,4415,1110937,78082,111880,North Atlantic,Ohio Valley,3,1
2026-27,girls,U13,2026-08-21,4415,1110938,135477,64208,North Atlantic,New England,1,1
2026-27,girls,U13,2026-08-21,4415,1110939,134968,134190,North Atlantic,Midwest,0,1
2026-27,girls,U13,2026-08-21,4415,1110940,128076,94540,North Atlantic,New England,0,4
2026-27,girls,U13,2026-08-21,4415,1111173,128277,132000,North Atlantic,Southeast,1,2
2026-27,girls,U13,2026-08-21,4415,1111175,134818,134195,New England,Midwest,2,0
2026-27,girls,U13,2026-08-21,4415,1111176,131588,112272,North Atlantic,Southeast,2,3
2026-27,girls,U14,2026-08-21,4415,1111185,128078,134816,North Atlantic,New England,3,1
2026-27,girls,U14,2026-08-21,4415,1111186,134967,71192,North Atlantic,Ohio Valley,5,1
2026-27,girls,U14,2026-08-21,4415,1111187,43460,134178,North Atlantic,Midwest,1,4
2026-27,girls,U14,2026-08-21,4415,1111188,128279,64207,North Atlantic,New England,4,1
2026-27,girls,U14,2026-08-21,4415,1111197,70655,131999,New England,Southeast,2,0
2026-27,girls,U14,2026-08-21,4415,1111198,95035,134182,North Atlantic,Midwest,7,1
2026-27,girls,U14,2026-08-21,4415,1111199,135481,112271,North Atlantic,Southeast,4,0
2026-27,girls,U14,2026-08-21,4415,1111200,81913,131592,New England,North Atlantic,1,0
2026-27,girls,U13,2026-08-22,4415,1110941,78082,64208,North Atlantic,New England,3,1
2026-27,girls,U13,2026-08-22,4415,1110942,134190,94540,Midwest,New England,1,0
2026-27,girls,U13,2026-08-22,4415,1110945,111880,135477,Ohio Valley,North Atlantic,1,2
2026-27,girls,U13,2026-08-22,4415,1111177,132000,82242,Southeast,New England,0,4
2026-27,girls,U13,2026-08-22,4415,1111178,134818,112272,New England,Southeast,1,2
2026-27,girls,U13,2026-08-22,4415,1111182,134195,131588,Midwest,North Atlantic,1,0
2026-27,girls,U14,2026-08-22,4415,1111190,134178,128279,Midwest,North Atlantic,0,1
2026-27,girls,U14,2026-08-22,4415,1111193,134816,71192,New England,Ohio Valley,1,2
2026-27,girls,U14,2026-08-22,4415,1111194,43460,64207,North Atlantic,New England,4,0
2026-27,girls,U14,2026-08-22,4415,1111201,70655,95035,New England,North Atlantic,1,0
2026-27,girls,U14,2026-08-22,4415,1111202,135481,81913,North Atlantic,New England,1,0
2026-27,girls,U14,2026-08-22,4415,1111205,131999,134182,Southeast,Midwest,3,1
2026-27,girls,U14,2026-08-22,4415,1111206,112271,131592,Southeast,North Atlantic,0,4
2026-27,girls,U13,2026-08-23,4415,1110943,78082,134190,North Atlantic,Midwest,5,1
2026-27,girls,U13,2026-08-23,4415,1110944,64208,128076,New England,North Atlantic,1,0
2026-27,girls,U13,2026-08-23,4415,1110947,135477,94540,North Atlantic,New England,2,0
2026-27,girls,U13,2026-08-23,4415,1110948,111880,134968,Ohio Valley,North Atlantic,3,0
2026-27,girls,U13,2026-08-23,4415,1111179,82242,112272,New England,Southeast,1,1
2026-27,girls,U13,2026-08-23,4415,1111180,132000,131588,Southeast,North Atlantic,2,2
2026-27,girls,U13,2026-08-23,4415,1111183,128277,134195,North Atlantic,Midwest,3,0
2026-27,girls,U14,2026-08-23,4415,1111192,128078,134178,North Atlantic,Midwest,2,0
2026-27,girls,U14,2026-08-23,4415,1111195,71192,43460,Ohio Valley,North Atlantic,0,2
2026-27,girls,U14,2026-08-23,4415,1111203,70655,135481,New England,North Atlantic,2,0
2026-27,girls,U14,2026-08-23,4415,1111204,95035,81913,North Atlantic,New England,0,1
2026-27,girls,U14,2026-08-23,4415,1111207,131999,131592,Southeast,North Atlantic,0,0
2026-27,girls,U14,2026-08-23,4415,1111208,134182,112271,Midwest,Southeast,1,2
2026-27,girls,U13,2026-09-11,4418,1136932,133462,131343,Ohio Valley,Midwest,3,2
2026-27,girls,U13,2026-09-11,4418,1136933,96490,136035,Texas,Midwest,3,4
2026-27,girls,U13,2026-09-11,4418,1136934,134824,69943,Midwest,Ohio Valley,3,1
2026-27,girls,U13,2026-09-11,4418,1136935,115320,82333,Midwest,Ohio Valley,3,1
2026-27,girls,U13,2026-09-11,4418,1136944,131346,134818,Midwest,New England,0,3
2026-27,girls,U13,2026-09-11,4418,1136945,134825,131839,Midwest,Texas,1,3
2026-27,girls,U13,2026-09-11,4418,1136946,81294,127995,Ohio Valley,Midwest,1,0
2026-27,girls,U13,2026-09-11,4418,1136947,81549,131574,Ohio Valley,Midwest,5,3
2026-27,girls,U13,2026-09-11,4418,1137113,131930,108214,Midwest,Ohio Valley,2,2
2026-27,girls,U13,2026-09-11,4418,1137114,84109,132995,Midwest,Ohio Valley,5,4
2026-27,girls,U13,2026-09-11,4418,1137115,132621,131784,Northwest,Midwest,1,1
2026-27,girls,U14,2026-09-11,4418,1139119,115991,116235,Texas,Midwest,2,1
2026-27,girls,U14,2026-09-11,4418,1139120,133463,136036,Ohio Valley,Midwest,0,3
2026-27,girls,U14,2026-09-11,4418,1139121,134836,72343,Midwest,Ohio Valley,2,1
2026-27,girls,U14,2026-09-11,4418,1139122,115103,69457,Midwest,Ohio Valley,6,0
2026-27,girls,U14,2026-09-11,4418,1139131,127994,134816,Midwest,New England,2,2
2026-27,girls,U14,2026-09-11,4418,1139132,131580,114045,Midwest,Texas,0,6
2026-27,girls,U14,2026-09-11,4418,1139133,71387,134837,Ohio Valley,Midwest,4,2
2026-27,girls,U14,2026-09-11,4418,1139134,68813,104671,Ohio Valley,Midwest,1,0
2026-27,girls,U14,2026-09-11,4418,1139144,82513,108213,Midwest,Ohio Valley,1,4
2026-27,girls,U14,2026-09-11,4418,1139146,78763,132998,Texas,Ohio Valley,0,2
2026-27,girls,U13,2026-09-12,4418,1136936,133462,136035,Ohio Valley,Midwest,0,1
2026-27,girls,U13,2026-09-12,4418,1136940,131343,96490,Midwest,Texas,1,6
2026-27,girls,U13,2026-09-12,4418,1136948,134818,131839,New England,Texas,1,2
2026-27,girls,U13,2026-09-12,4418,1137116,129323,131930,Texas,Midwest,0,1
2026-27,girls,U13,2026-09-12,4418,1137121,132995,132621,Ohio Valley,Northwest,1,0
2026-27,girls,U14,2026-09-12,4418,1139123,115991,136036,Texas,Midwest,3,2
2026-27,girls,U14,2026-09-12,4418,1139127,116235,133463,Midwest,Ohio Valley,1,1
2026-27,girls,U14,2026-09-12,4418,1139135,134816,114045,New England,Texas,1,3
2026-27,girls,U14,2026-09-12,4418,1139147,115480,108213,Northwest,Ohio Valley,1,1
2026-27,girls,U14,2026-09-12,4418,1139152,114381,78763,Midwest,Texas,4,2
2026-27,girls,U13,2026-09-13,4418,1136939,133462,134824,Ohio Valley,Midwest,1,3
2026-27,girls,U13,2026-09-13,4418,1136942,96490,82333,Texas,Ohio Valley,10,0
2026-27,girls,U13,2026-09-13,4418,1136943,131343,69943,Midwest,Ohio Valley,4,2
2026-27,girls,U13,2026-09-13,4418,1136950,131839,81549,Texas,Ohio Valley,6,1
2026-27,girls,U13,2026-09-13,4418,1136951,134818,81294,New England,Ohio Valley,1,2
2026-27,girls,U13,2026-09-13,4418,1137119,129323,131784,Texas,Midwest,0,1
2026-27,girls,U14,2026-09-13,4418,1139125,115991,115103,Texas,Midwest,2,0
2026-27,girls,U14,2026-09-13,4418,1139126,133463,134836,Ohio Valley,Midwest,2,4
2026-27,girls,U14,2026-09-13,4418,1139129,116235,72343,Midwest,Ohio Valley,1,3
2026-27,girls,U14,2026-09-13,4418,1139130,136036,69457,Midwest,Ohio Valley,0,3
2026-27,girls,U14,2026-09-13,4418,1139137,114045,71387,Texas,Ohio Valley,1,0
2026-27,girls,U14,2026-09-13,4418,1139138,134816,68813,New England,Ohio Valley,2,2
2026-27,girls,U14,2026-09-13,4418,1139150,115480,132998,Northwest,Ohio Valley,0,0
